{
    "loss": 3.9950735569000244,
    "accuracy": 0.8353658318519592
}